"completeID","fresh_weight","width","height","diameter","thickness","accession","species","pad_id","dataset","H_div_W","FW_div_W","FW_div_D","FW_div_H","FW_div_T","D_div_W","dry_weight"
"PARL 242-2-6",192.7,9.2,29.3,65.1,12.6,242,"O. cochinillifera",1,"Year 1",3.18478260869565,20.945652173913,2.96006144393241,6.57679180887372,15.2936507936508,7.07608695652174,12.608505997819
"PARL 242-1-6",202.3,7.6,30.5,66.2,15.2,242,"O. cochinillifera",1,"Year 1",4.01315789473684,26.6184210526316,3.0558912386707,6.6327868852459,13.3092105263158,8.71052631578947,13.236641221374
"PARL 242-4-5",235.9,8.4,30.6,67.7,15.4,242,"O. cochinillifera",1,"Year 1",3.64285714285714,28.0833333333333,3.48449039881832,7.70915032679739,15.3181818181818,8.05952380952381,15.4351145038168
"PARL 242-1-7",244.6,7.3,21,69.2,17.4,242,"O. cochinillifera",1,"Year 1",2.87671232876712,33.5068493150685,3.53468208092486,11.647619047619,14.0574712643678,9.47945205479452,16.0043620501636
"PARL 242-1-2",249.6,10,28.5,64.2,14,242,"O. cochinillifera",1,"Year 1",2.85,24.96,3.88785046728972,8.75789473684211,17.8285714285714,6.42,16.3315158124318
"PARL 242-4-4",268,9.1,33.2,72.7,14.2,242,"O. cochinillifera",1,"Year 1",3.64835164835165,29.4505494505495,3.68638239339752,8.07228915662651,18.8732394366197,7.98901098901099,17.5354416575791
"PARL 242-1-8",270.4,9.4,34.6,75.4,14.7,242,"O. cochinillifera",1,"Year 1",3.68085106382979,28.7659574468085,3.58620689655172,7.8150289017341,18.3945578231293,8.02127659574468,17.6924754634678
"PARL 242-4-6",270.8,9.5,32.4,71.4,12.4,242,"O. cochinillifera",1,"Year 1",3.41052631578947,28.5052631578947,3.79271708683473,8.35802469135803,21.8387096774194,7.51578947368421,17.7186477644493
"PARL 242-2-4",271.5,11.3,29.1,66.5,14.7,242,"O. cochinillifera",1,"Year 1",2.57522123893805,24.0265486725664,4.08270676691729,9.32989690721649,18.469387755102,5.88495575221239,17.7644492911668
"PARL 242-3-1",279.1,11.4,29.6,66.1,13.8,242,"O. cochinillifera",1,"Year 1",2.59649122807018,24.4824561403509,4.22239031770045,9.42905405405405,20.2246376811594,5.79824561403509,18.2617230098146
"PARL 242-1-3",291.3,8.7,33,73.3,16.3,242,"O. cochinillifera",1,"Year 1",3.79310344827586,33.4827586206897,3.97407912687585,8.82727272727273,17.8711656441718,8.42528735632184,19.0599781897492
"PARL 242-2-2",291.5,9.5,37.7,82.7,14.1,242,"O. cochinillifera",1,"Year 1",3.96842105263158,30.6842105263158,3.52478839177751,7.73209549071618,20.6737588652482,8.70526315789474,19.0730643402399
"PARL 242-2-5",327,9,35.7,77.4,17.1,242,"O. cochinillifera",1,"Year 1",3.96666666666667,36.3333333333333,4.22480620155039,9.15966386554622,19.1228070175439,8.6,21.3958560523446
"PARL 242-3-8",335.2,10.4,33.7,74.9,14,242,"O. cochinillifera",1,"Year 1",3.24038461538462,32.2307692307692,4.47530040053404,9.94658753709199,23.9428571428571,7.20192307692308,21.9323882224646
"PARL 242-3-4",348.9,12.4,30.9,72,11.1,242,"O. cochinillifera",1,"Year 1",2.49193548387097,28.1370967741935,4.84583333333333,11.2912621359223,31.4324324324324,5.80645161290323,22.8287895310796
"PARL 242-4-1",352,11.6,31.7,72.6,13.1,242,"O. cochinillifera",1,"Year 1",2.73275862068966,30.3448275862069,4.84848484848485,11.1041009463722,26.8702290076336,6.25862068965517,23.0316248636859
"PARL 242-4-7",352,10.1,38.6,84.6,13.7,242,"O. cochinillifera",1,"Year 1",3.82178217821782,34.8514851485149,4.16075650118203,9.11917098445596,25.6934306569343,8.37623762376238,23.0316248636859
"PARL 242-2-3",363.1,10.7,30.5,70.5,17.3,242,"O. cochinillifera",1,"Year 1",2.85046728971963,33.9345794392523,5.15035460992908,11.9049180327869,20.9884393063584,6.58878504672897,23.7579062159215
"PARL 242-1-5",366.9,10.5,34,74.5,17.1,242,"O. cochinillifera",1,"Year 1",3.23809523809524,34.9428571428571,4.9248322147651,10.7911764705882,21.4561403508772,7.09523809523809,24.0065430752454
"PARL 242-3-5",374.7,12.8,32.9,74.6,13.3,242,"O. cochinillifera",1,"Year 1",2.5703125,29.2734375,5.02278820375335,11.3890577507599,28.1729323308271,5.828125,24.5169029443839
"PARL 242-1-4",422.1,13.4,33.1,73.9,16.3,242,"O. cochinillifera",1,"Year 1",2.47014925373134,31.5,5.71177266576455,12.7522658610272,25.8957055214724,5.51492537313433,27.618320610687
"PARL 242-2-1",446.6,14.2,33.4,76.6,16.1,242,"O. cochinillifera",1,"Year 1",2.35211267605634,31.4507042253521,5.83028720626632,13.3712574850299,27.7391304347826,5.3943661971831,29.2213740458015
"PARL 242-3-6",486.4,12.3,41.9,91.8,15.8,242,"O. cochinillifera",1,"Year 1",3.40650406504065,39.5447154471545,5.29847494553377,11.6085918854415,30.7848101265823,7.46341463414634,31.8255179934569
"PARL 242-1-1",515.2,14.4,33.1,75.6,17.3,242,"O. cochinillifera",1,"Year 1",2.29861111111111,35.7777777777778,6.81481481481482,15.5649546827795,29.7803468208092,5.25,33.7099236641221
"PARL 242-3-7",581.4,13.1,44.7,98.3,13.7,242,"O. cochinillifera",1,"Year 1",3.41221374045802,44.381679389313,5.91454730417091,13.006711409396,42.4379562043796,7.50381679389313,38.041439476554
"PARL 242-3-3",627.2,16.3,33.6,80.5,15.6,242,"O. cochinillifera",1,"Year 1",2.06134969325153,38.478527607362,7.79130434782609,18.6666666666667,40.2051282051282,4.93865030674847,41.0381679389313
"PARL 242-2-8",649.3,13.6,44.3,98.4,14.2,242,"O. cochinillifera",1,"Year 1",3.25735294117647,47.7426470588235,6.59857723577236,14.6568848758465,45.7253521126761,7.23529411764706,42.484187568157
"PARL 242-3-2",744.4,13.9,48.3,105.3,17.5,242,"O. cochinillifera",1,"Year 1",3.47482014388489,53.5539568345324,7.0693257359924,15.4120082815735,42.5371428571429,7.57553956834532,48.7066521264995
"PARL 242-4-2",792.7,14.9,39.3,89.7,19,242,"O. cochinillifera",1,"Year 1",2.63758389261745,53.2013422818792,8.83723522853958,20.1704834605598,41.7210526315789,6.02013422818792,51.8669574700109
"PARL 242-2-7",901.8,15,41.9,94.6,23.3,242,"O. cochinillifera",1,"Year 1",2.79333333333333,60.12,9.53276955602537,21.5226730310263,38.7038626609442,6.30666666666667,59.0054525627045
"PARL 242-4-8",1149,18.2,41.3,96.1,22.1,242,"O. cochinillifera",1,"Year 1",2.26923076923077,63.1318681318681,11.9562955254943,27.8208232445521,51.9909502262443,5.28021978021978,75.1799345692475
"PARL 246-1-7",282.5,13.9,26.2,64.4,12.4,246,"O. ficus-indica",1,"Year 1",1.88489208633094,20.3237410071942,4.38664596273292,10.7824427480916,22.7822580645161,4.63309352517986,11.1347877358491
"PARL 246-3-2",292.5,14.3,23.6,56.4,12.7,246,"O. ficus-indica",1,"Year 1",1.65034965034965,20.4545454545455,5.18617021276596,12.3940677966102,23.0314960629921,3.94405594405594,11.6895047169811
"PARL 246-2-5",295.5,10.8,25.4,60.2,19.5,246,"O. ficus-indica",1,"Year 1",2.35185185185185,27.3611111111111,4.90863787375415,11.6338582677165,15.1538461538462,5.57407407407407,13.6310141509434
"PARL 246-4-3",300.8,13.2,27.4,64.1,13.9,246,"O. ficus-indica",1,"Year 1",2.07575757575758,22.7878787878788,4.69266770670827,10.978102189781,21.6402877697842,4.85606060606061,14.1337264150943
"PARL 246-1-1",301,13.4,21.6,56.2,14.8,246,"O. ficus-indica",1,"Year 1",1.61194029850746,22.4626865671642,5.355871886121,13.9351851851852,20.3378378378378,4.19402985074627,14.422641509434
"PARL 246-4-6",336.1,14.1,30.5,71.6,10.7,246,"O. ficus-indica",1,"Year 1",2.16312056737589,23.8368794326241,4.69413407821229,11.0196721311475,31.411214953271,5.07801418439716,15.4858490566038
"PARL 246-4-4",341.4,11.6,30.1,67.3,14,246,"O. ficus-indica",1,"Year 1",2.5948275862069,29.4310344827586,5.07280832095097,11.3421926910299,24.3857142857143,5.80172413793103,15.6245283018868
"PARL 246-1-6",361.1,12.6,31.1,71.4,12.3,246,"O. ficus-indica",1,"Year 1",2.46825396825397,28.6587301587302,5.05742296918767,11.6109324758842,29.3577235772358,5.66666666666667,15.6880896226415
"PARL 246-3-3",388.3,13.5,32.6,74.7,13,246,"O. ficus-indica",1,"Year 1",2.41481481481481,28.762962962963,5.19812583668005,11.9110429447853,29.8692307692308,5.53333333333333,16.8321933962264
"PARL 246-2-3",390.5,13.1,27.6,66.9,16.2,246,"O. ficus-indica",1,"Year 1",2.10687022900763,29.8091603053435,5.83707025411061,14.1485507246377,24.1049382716049,5.10687022900763,16.84375
"PARL 246-2-8",416.4,13.4,36.4,79.3,13,246,"O. ficus-indica",1,"Year 1",2.71641791044776,31.0746268656716,5.25094577553594,11.4395604395604,32.0307692307692,5.91791044776119,18.8950471698113
"PARL 246-3-5",417.9,16.6,28.1,70.1,13.2,246,"O. ficus-indica",1,"Year 1",1.69277108433735,25.1746987951807,5.96148359486448,14.8718861209964,31.6590909090909,4.22289156626506,19.3688679245283
"PARL 246-2-2",426.5,15.6,30.6,73.5,15.7,246,"O. ficus-indica",1,"Year 1",1.96153846153846,27.3397435897436,5.80272108843537,13.937908496732,27.1656050955414,4.71153846153846,20.1604952830189
"PARL 246-4-2",434.4,15.6,25.8,64.8,19.1,246,"O. ficus-indica",1,"Year 1",1.65384615384615,27.8461538461538,6.7037037037037,16.8372093023256,22.7434554973822,4.15384615384615,20.3396226415094
"PARL 246-3-1",447,16.6,30.4,73.4,14.4,246,"O. ficus-indica",1,"Year 1",1.83132530120482,26.9277108433735,6.08991825613079,14.7039473684211,31.0416666666667,4.42168674698795,20.3396226415094
"PARL 246-3-8",452.7,15.4,28.6,68.3,16.7,246,"O. ficus-indica",1,"Year 1",1.85714285714286,29.3961038961039,6.62811127379209,15.8286713286713,27.1077844311377,4.43506493506493,20.9810141509434
"PARL 246-3-7",459.5,13.7,32.7,78.3,14.2,246,"O. ficus-indica",1,"Year 1",2.38686131386861,33.5401459854015,5.86845466155811,14.0519877675841,32.3591549295775,5.71532846715328,21.2005896226415
"PARL 246-1-4",475.9,16.3,28,70.1,15.9,246,"O. ficus-indica",1,"Year 1",1.71779141104294,29.1963190184049,6.78887303851641,16.9964285714286,29.9308176100629,4.30061349693251,21.6512971698113
"PARL 246-4-7",479.3,12.8,34.2,76.7,16.8,246,"O. ficus-indica",1,"Year 1",2.671875,37.4453125,6.2490221642764,14.0146198830409,28.5297619047619,5.9921875,24.3902122641509
"PARL 246-3-4",503.7,16.4,35.2,83,13.2,246,"O. ficus-indica",1,"Year 1",2.14634146341463,30.7134146341463,6.06867469879518,14.3096590909091,38.1590909090909,5.0609756097561,25.8058962264151
"PARL 246-1-3",517,16.4,25.9,67.2,15.7,246,"O. ficus-indica",1,"Year 1",1.57926829268293,31.5243902439024,7.69345238095238,19.96138996139,32.9299363057325,4.09756097560976,28.1056603773585
"PARL 246-4-5",530.7,15.2,29.5,72.1,19.4,246,"O. ficus-indica",1,"Year 1",1.94078947368421,34.9144736842105,7.36061026352289,17.9898305084746,27.3556701030928,4.74342105263158,29.7698113207547
"PARL 246-4-8",534.6,16.2,28.1,70.5,15.7,246,"O. ficus-indica",1,"Year 1",1.73456790123457,33,7.58297872340426,19.0249110320285,34.0509554140127,4.35185185185185,32.294929245283
"PARL 246-1-2",595.4,14.5,34.1,78.3,20.3,246,"O. ficus-indica",1,"Year 1",2.35172413793103,41.0620689655172,7.60408684546616,17.4604105571847,29.3300492610837,5.4,33.5950471698113
"PARL 246-3-6",604.6,18.4,33.5,81.9,15,246,"O. ficus-indica",1,"Year 1",1.82065217391304,32.8586956521739,7.38217338217338,18.0477611940299,40.3066666666667,4.45108695652174,36.2415094339623
"PARL 246-2-4",609.9,18.1,29.3,75.5,15.2,246,"O. ficus-indica",1,"Year 1",1.61878453038674,33.6961325966851,8.07814569536424,20.8156996587031,40.125,4.17127071823204,37.5185141509434
"PARL 246-1-8",747.7,20,31.6,82.5,14.6,246,"O. ficus-indica",1,"Year 1",1.58,37.385,9.0630303030303,23.6613924050633,51.2123287671233,4.125,43.013679245283
"PARL 246-1-5",769.4,19.9,33.5,82.2,16.3,246,"O. ficus-indica",1,"Year 1",1.68341708542714,38.6633165829146,9.36009732360097,22.9671641791045,47.2024539877301,4.13065326633166,45.8045990566038
"PARL 246-4-1",790.7,17.6,36,85,15.8,246,"O. ficus-indica",1,"Year 1",2.04545454545455,44.9261363636364,9.30235294117647,21.9638888888889,50.0443037974684,4.82954545454545,52.1087264150943
"PARL 246-2-6",807.8,20.2,37.6,92.1,13.7,246,"O. ficus-indica",1,"Year 1",1.86138613861386,39.990099009901,8.77090119435396,21.4840425531915,58.963503649635,4.55940594059406,66.3926886792453
"PARL 319-4-5",495.2,11,35.1,80,21.1,319,"O. cochinillifera",1,"Year 1",3.19090909090909,45.0181818181818,6.19,14.1082621082621,23.4691943127962,7.27272727272727,13.2439862542955
"PARL 319-1-4",627.4,12.2,35.2,81.9,21,319,"O. cochinillifera",1,"Year 1",2.88524590163934,51.4262295081967,7.66056166056166,17.8238636363636,29.8761904761905,6.71311475409836,13.9037800687285
"PARL 319-1-3",673.2,13.3,39.1,89,19.2,319,"O. cochinillifera",1,"Year 1",2.93984962406015,50.6165413533835,7.56404494382023,17.2173913043478,35.0625,6.69172932330827,16.213058419244
"PARL 319-4-4",729.7,14.1,38.6,78,23.6,319,"O. cochinillifera",1,"Year 1",2.73758865248227,51.7517730496454,9.35512820512821,18.9041450777202,30.9194915254237,5.53191489361702,16.8109965635739
"PARL 319-1-8",830.5,14.6,44.6,99.8,21,319,"O. cochinillifera",1,"Year 1",3.05479452054795,56.8835616438356,8.32164328657315,18.6210762331839,39.5476190476191,6.83561643835616,17.1546391752577
"PARL 319-1-2",881.1,15.1,37.6,85.8,23.7,319,"O. cochinillifera",1,"Year 1",2.49006622516556,58.3509933774834,10.2692307692308,23.4335106382979,37.1772151898734,5.68211920529801,18.4192439862543
"PARL 319-1-6",920.5,16.5,42,96.6,20,319,"O. cochinillifera",1,"Year 1",2.54545454545455,55.7878787878788,9.52898550724638,21.9166666666667,46.025,5.85454545454545,18.5841924398625
"PARL 319-3-3",942.8,13.8,51.7,111.8,21.3,319,"O. cochinillifera",1,"Year 1",3.7463768115942,68.3188405797101,8.43291592128801,18.2359767891683,44.2629107981221,8.10144927536232,18.6116838487972
"PARL 319-3-6",961.6,15.3,46.1,104,25.1,319,"O. cochinillifera",1,"Year 1",3.01307189542484,62.8496732026144,9.24615384615385,20.8590021691974,38.3107569721116,6.79738562091503,18.659793814433
"PARL 319-2-2",971.5,16.4,43.2,98.9,22.2,319,"O. cochinillifera",1,"Year 1",2.63414634146342,59.2378048780488,9.82305358948433,22.4884259259259,43.7612612612613,6.03048780487805,19.1821305841924
"PARL 319-2-5",1002.5,12.4,47.4,102,32.1,319,"O. cochinillifera",1,"Year 1",3.82258064516129,80.8467741935484,9.82843137254902,21.1497890295359,31.2305295950156,8.2258064516129,20.0343642611684
"PARL 319-4-2",1009.1,17.1,46.4,105.5,20.6,319,"O. cochinillifera",1,"Year 1",2.71345029239766,59.0116959064327,9.56492890995261,21.7478448275862,48.9854368932039,6.16959064327485,22.4742268041237
"PARL 319-2-1",1050.7,17.3,45.2,100.5,23.5,319,"O. cochinillifera",1,"Year 1",2.61271676300578,60.7341040462428,10.4547263681592,23.2455752212389,44.7106382978723,5.80924855491329,23.0378006872852
"PARL 319-4-3",1064.7,16.4,47.2,106,20.1,319,"O. cochinillifera",1,"Year 1",2.87804878048781,64.9207317073171,10.0443396226415,22.5572033898305,52.9701492537313,6.46341463414634,23.979381443299
"PARL 319-2-6",1134.4,16.4,48.8,107.4,26.1,319,"O. cochinillifera",1,"Year 1",2.97560975609756,69.1707317073171,10.5623836126629,23.2459016393443,43.4636015325671,6.54878048780488,24.192439862543
"PARL 319-4-7",1139.2,18.6,41.4,101.1,23.1,319,"O. cochinillifera",1,"Year 1",2.2258064516129,61.247311827957,11.2680514342235,27.5169082125604,49.3160173160173,5.43548387096774,24.192439862543
"PARL 319-1-5",1204.7,17.5,14.4,102.8,25.5,319,"O. cochinillifera",1,"Year 1",0.822857142857143,68.84,11.7188715953307,83.6597222222222,47.243137254902,5.87428571428571,24.9553264604811
"PARL 319-2-3",1210.2,19.3,44.8,103.2,24.7,319,"O. cochinillifera",1,"Year 1",2.32124352331606,62.7046632124352,11.7267441860465,27.0133928571429,48.9959514170041,5.34715025906736,25.2164948453608
"PARL 319-4-1",1220.6,15.4,54.1,117.6,29.2,319,"O. cochinillifera",1,"Year 1",3.51298701298701,79.2597402597403,10.3792517006803,22.5619223659889,41.8013698630137,7.63636363636364,25.7525773195876
"PARL 319-3-5",1221.7,17.7,43.5,105.9,18.7,319,"O. cochinillifera",1,"Year 1",2.45762711864407,69.0225988700565,11.5363550519358,28.0850574712644,65.331550802139,5.98305084745763,29.0103092783505
"PARL 319-1-7",1227.9,15.5,43.8,98.6,27.6,319,"O. cochinillifera",1,"Year 1",2.8258064516129,79.2193548387097,12.4533468559838,28.0342465753425,44.4891304347826,6.36129032258065,30.6941580756014
"PARL 319-2-4",1230.7,15.6,52.8,115.9,23.1,319,"O. cochinillifera",1,"Year 1",3.38461538461538,78.8910256410256,10.618636755824,23.3087121212121,53.2770562770563,7.42948717948718,33.4295532646048
"PARL 319-3-7",1253.9,17.1,46.6,105.5,22.1,319,"O. cochinillifera",1,"Year 1",2.72514619883041,73.327485380117,11.885308056872,26.9077253218884,56.737556561086,6.16959064327485,35.4089347079038
"PARL 319-3-2",1259.9,19.9,48.5,111.3,23.6,319,"O. cochinillifera",1,"Year 1",2.43718592964824,63.3115577889447,11.3198562443845,25.9773195876289,53.385593220339,5.5929648241206,38.4123711340206
"PARL 319-2-8",1285.2,16.2,47.3,107.4,29.1,319,"O. cochinillifera",1,"Year 1",2.91975308641975,79.3333333333333,11.9664804469274,27.1712473572939,44.1649484536082,6.62962962962963,39.9587628865979
"PARL 319-3-8",1310.2,18.7,48.6,108.2,24.7,319,"O. cochinillifera",1,"Year 1",2.59893048128342,70.0641711229947,12.1090573012939,26.9588477366255,53.0445344129555,5.78609625668449,43.106529209622
"PARL 319-3-4",1350,16.1,51.3,115.3,27.9,319,"O. cochinillifera",1,"Year 1",3.18633540372671,83.8509316770186,11.7085862966175,26.3157894736842,48.3870967741936,7.16149068322981,44.6254295532646
"PARL 319-4-8",1410.1,16.2,61.3,123.6,20.7,319,"O. cochinillifera",1,"Year 1",3.78395061728395,87.0432098765432,11.4085760517799,23.0032626427406,68.1207729468599,7.62962962962963,51.1615120274914
"PARL 319-3-1",1420.3,17.2,56.1,123.4,20.9,319,"O. cochinillifera",1,"Year 1",3.26162790697674,82.5755813953488,11.5097244732577,25.3172905525847,67.9569377990431,7.17441860465116,54.4810996563574
"PARL 319-2-7",1661.8,17.8,52.6,114.8,26.7,319,"O. cochinillifera",1,"Year 1",2.95505617977528,93.3595505617977,14.4756097560976,31.5931558935361,62.2397003745318,6.44943820224719,78.9690721649484
"PARL 325-1-1",513.6,17.8,28.4,66.4,16,325,"O. crassa",1,"Year 1",1.59550561797753,28.8539325842697,7.73493975903614,18.0845070422535,32.1,3.73033707865169,12.8089931573803
"PARL 325-2-4",835.2,17.3,35.1,82.4,22.2,325,"O. crassa",1,"Year 1",2.02890173410405,48.2774566473988,10.1359223300971,23.7948717948718,37.6216216216216,4.76300578034682,13.4471163245357
"PARL 325-2-5",1165.9,20.5,43.2,100.5,22.9,325,"O. crassa",1,"Year 1",2.10731707317073,56.8731707317073,11.6009950248756,26.9884259259259,50.9126637554585,4.90243902439024,15.6805474095797
"PARL 325-4-6",1191.4,19.7,42.9,98.9,23.1,325,"O. crassa",1,"Year 1",2.17766497461929,60.4771573604061,12.046511627907,27.7715617715618,51.5757575757576,5.02030456852792,16.2588465298143
"PARL 325-4-3",1226.1,23.8,39.7,101.3,18.3,325,"O. crassa",1,"Year 1",1.66806722689076,51.5168067226891,12.1036525172754,30.8841309823678,67,4.2563025210084,17.8142717497556
"PARL 325-2-7",1239.9,22.8,36.4,91.3,22.2,325,"O. crassa",1,"Year 1",1.59649122807018,54.3815789473684,13.5805038335159,34.0631868131868,55.8513513513514,4.00438596491228,17.9738025415445
"PARL 325-4-5",1244.2,23.9,38.8,94.4,23.9,325,"O. crassa",1,"Year 1",1.6234309623431,52.0585774058577,13.1800847457627,32.0670103092784,52.0585774058577,3.94979079497908,18.0003910068426
"PARL 325-4-4",1250.7,23.3,32.1,91.6,18.9,325,"O. crassa",1,"Year 1",1.37768240343348,53.6781115879828,13.6539301310044,38.9626168224299,66.1746031746032,3.931330472103,18.0469208211144
"PARL 325-1-7",1251.5,23.2,37.1,92.1,22,325,"O. crassa",1,"Year 1",1.59913793103448,53.9439655172414,13.5884907709012,33.733153638814,56.8863636363636,3.9698275862069,18.5521016617791
"PARL 325-4-1",1272.3,20.8,40.7,96.3,22.4,325,"O. crassa",1,"Year 1",1.95673076923077,61.1682692307692,13.2118380062305,31.2604422604423,56.7991071428571,4.62980769230769,19.3630498533724
"PARL 325-1-5",1284.8,22.1,42.7,103.6,20,325,"O. crassa",1,"Year 1",1.93212669683258,58.1357466063348,12.4015444015444,30.0889929742389,64.24,4.68778280542986,19.3763440860215
"PARL 325-1-4",1390,24.3,35.6,92.8,22,325,"O. crassa",1,"Year 1",1.46502057613169,57.201646090535,14.9784482758621,39.0449438202247,63.1818181818182,3.81893004115226,21.7360703812317
"PARL 325-4-7",1490.1,20.4,46.8,106,23.4,325,"O. crassa",1,"Year 1",2.29411764705882,73.0441176470588,14.0575471698113,31.8397435897436,63.6794871794872,5.19607843137255,22.2811339198436
"PARL 325-2-6",1611.4,26.6,44.2,108.8,21.2,325,"O. crassa",1,"Year 1",1.66165413533835,60.5789473684211,14.8106617647059,36.4570135746606,76.0094339622642,4.09022556390977,23.191788856305
"PARL 325-2-2",1667.6,27.4,42,104.4,19.8,325,"O. crassa",1,"Year 1",1.53284671532847,60.8613138686131,15.9731800766284,39.7047619047619,84.2222222222222,3.81021897810219,23.3978494623656
"PARL 325-1-8",1670.5,21.2,46.8,105.8,28,325,"O. crassa",1,"Year 1",2.20754716981132,78.7971698113208,15.789224952741,35.6944444444444,59.6607142857143,4.99056603773585,23.3978494623656
"PARL 325-4-2",1678.5,22.3,40.6,99.4,39.8,325,"O. crassa",1,"Year 1",1.82062780269058,75.2690582959641,16.8863179074447,41.3423645320197,42.1733668341709,4.45739910313901,24.1356793743891
"PARL 325-2-3",1693.9,23.2,40.5,101.5,27.4,325,"O. crassa",1,"Year 1",1.74568965517241,73.0129310344828,16.6886699507389,41.8246913580247,61.8211678832117,4.375,24.3882697947214
"PARL 325-1-6",1781.3,26.4,44.9,108.6,29,325,"O. crassa",1,"Year 1",1.70075757575758,67.4734848484848,16.402394106814,39.6726057906459,61.4241379310345,4.11363636363636,24.9067448680352
"PARL 325-1-2",1813.7,23.9,48.7,113.3,25,325,"O. crassa",1,"Year 1",2.03765690376569,75.8870292887029,16.0079435127979,37.2422997946612,72.548,4.74058577405858,28.0574780058651
"PARL 325-2-1",1926.8,29.2,43.6,113.2,19.5,325,"O. crassa",1,"Year 1",1.49315068493151,65.986301369863,17.0212014134276,44.1926605504587,98.8102564102564,3.87671232876712,29.6860215053763
"PARL 325-2-8",2069.6,25,43.5,108,27.3,325,"O. crassa",1,"Year 1",1.74,82.784,19.162962962963,47.5770114942529,75.8095238095238,4.32,32.3315738025415
"PARL 325-4-8",2437.8,29.8,48.1,122.8,25.6,325,"O. crassa",1,"Year 1",1.61409395973154,81.8053691275168,19.8517915309446,50.6819126819127,95.2265625,4.12080536912752,34.2459433040078
"PARL 326-1-2",455.9,14,25.2,62.7,20.4,326,"O. ficus-indica",1,"Year 1",1.8,32.5642857142857,7.27113237639553,18.0912698412698,22.3480392156863,4.47857142857143,16.3928819444444
"PARL 326-1-3",542.4,14.6,27.9,68.1,21.2,326,"O. ficus-indica",1,"Year 1",1.91095890410959,37.1506849315069,7.9647577092511,19.4408602150538,25.5849056603774,4.66438356164384,17.2095486111111
"PARL 326-2-4",592,15.4,28.2,66.1,21.3,326,"O. ficus-indica",1,"Year 1",1.83116883116883,38.4415584415584,8.95612708018154,20.9929078014184,27.7934272300469,4.29220779220779,20.0678819444444
"PARL 326-2-7",607.4,14.3,24.5,63.6,26,326,"O. ficus-indica",1,"Year 1",1.71328671328671,42.4755244755245,9.55031446540881,24.7918367346939,23.3615384615385,4.44755244755245,20.8079861111111
"PARL 326-3-4",628.1,16.5,25.1,65.8,24.1,326,"O. ficus-indica",1,"Year 1",1.52121212121212,38.0666666666667,9.54559270516717,25.0239043824701,26.0622406639004,3.98787878787879,21.2333333333333
"PARL 326-3-1",695.9,15.5,31.4,73.9,21.6,326,"O. ficus-indica",1,"Year 1",2.0258064516129,44.8967741935484,9.41677943166441,22.1624203821656,32.2175925925926,4.76774193548387,22.7986111111111
"PARL 326-2-2",744.8,16.4,28.7,69.1,26.8,326,"O. ficus-indica",1,"Year 1",1.75,45.4146341463415,10.7785817655572,25.9512195121951,27.7910447761194,4.21341463414634,23.0027777777778
"PARL 326-2-6",783.5,16.1,29.7,70.8,31.9,326,"O. ficus-indica",1,"Year 1",1.84472049689441,48.6645962732919,11.066384180791,26.3804713804714,24.5611285266458,4.39751552795031,23.0368055555556
"PARL 326-4-8",783.5,17.2,31.7,74.3,25.4,326,"O. ficus-indica",1,"Year 1",1.84302325581395,45.5523255813954,10.5450874831763,24.7160883280757,30.8464566929134,4.31976744186047,23.0963541666667
"PARL 326-3-5",785,16.3,29.9,74.2,23.4,326,"O. ficus-indica",1,"Year 1",1.83435582822086,48.159509202454,10.5795148247978,26.2541806020067,33.5470085470086,4.5521472392638,23.7428819444444
"PARL 326-2-8",809.7,18.1,31.6,76.9,24.4,326,"O. ficus-indica",1,"Year 1",1.74585635359116,44.7348066298343,10.5292587776333,25.623417721519,33.1844262295082,4.24861878453039,24.7977430555556
"PARL 326-1-7",855.3,17.4,28.1,72.6,25.5,326,"O. ficus-indica",1,"Year 1",1.61494252873563,49.1551724137931,11.7809917355372,30.4377224199288,33.5411764705882,4.17241379310345,28.5152777777778
"PARL 326-2-1",892.1,18.2,34.8,82.8,20.3,326,"O. ficus-indica",1,"Year 1",1.91208791208791,49.0164835164835,10.774154589372,25.6350574712644,43.9458128078818,4.54945054945055,29.6807291666667
"PARL 326-2-3",893.1,17.5,30.5,80.4,21.6,326,"O. ficus-indica",1,"Year 1",1.74285714285714,51.0342857142857,11.1082089552239,29.2819672131148,41.3472222222222,4.59428571428571,29.9444444444444
"PARL 326-4-3",906.6,18,32.9,79.1,27,326,"O. ficus-indica",1,"Year 1",1.82777777777778,50.3666666666667,11.4614412136536,27.5562310030395,33.5777777777778,4.39444444444444,29.9444444444444
"PARL 326-1-4",908.7,17.1,32.3,78.9,26.6,326,"O. ficus-indica",1,"Year 1",1.88888888888889,53.140350877193,11.5171102661597,28.1331269349845,34.1616541353383,4.6140350877193,30.8887152777778
"PARL 326-3-6",913.3,18.7,30.9,80.3,24.8,326,"O. ficus-indica",1,"Year 1",1.6524064171123,48.8395721925134,11.373599003736,29.5566343042071,36.8266129032258,4.29411764705882,31.2119791666667
"PARL 326-4-6",924.8,17.6,31.4,77.3,27.1,326,"O. ficus-indica",1,"Year 1",1.78409090909091,52.5454545454545,11.9637774902975,29.4522292993631,34.1254612546125,4.39204545454545,31.8755208333333
"PARL 326-3-7",953,19.4,34.8,82.7,21.4,326,"O. ficus-indica",1,"Year 1",1.79381443298969,49.1237113402062,11.5235792019347,27.3850574712644,44.5327102803738,4.26288659793815,35.9078125
"PARL 326-1-8",1041.3,17.2,35.5,82.6,25.9,326,"O. ficus-indica",1,"Year 1",2.06395348837209,60.5406976744186,12.6065375302663,29.3323943661972,40.2046332046332,4.80232558139535,41.3777777777778
"PARL 326-4-4",1073.4,18.5,33.7,80.6,30.6,326,"O. ficus-indica",1,"Year 1",1.82162162162162,58.0216216216216,13.317617866005,31.8516320474777,35.078431372549,4.35675675675676,43.8277777777778
"PARL 326-3-3",1094.5,19.9,32.1,81.1,29.1,326,"O. ficus-indica",1,"Year 1",1.61306532663317,55,13.4956843403206,34.0965732087227,37.6116838487972,4.07537688442211,47.5453125
"PARL 326-3-2",1097,18.9,36.6,88.2,22.7,326,"O. ficus-indica",1,"Year 1",1.93650793650794,58.042328042328,12.437641723356,29.9726775956284,48.3259911894273,4.66666666666667,49.459375
"PARL 326-1-5",1163,18.4,34.4,83.8,26.3,326,"O. ficus-indica",1,"Year 1",1.8695652173913,63.2065217391304,13.8782816229117,33.8081395348837,44.2205323193916,4.55434782608696,53.3555555555556
"PARL 326-2-5",1177.3,19.6,33,86.2,24.6,326,"O. ficus-indica",1,"Year 1",1.68367346938776,60.0663265306122,13.6577726218097,35.6757575757576,47.8577235772358,4.39795918367347,55.2355902777778
"PARL 326-4-1",1224.1,19.2,35.9,88.6,28,326,"O. ficus-indica",1,"Year 1",1.86979166666667,63.7552083333333,13.8160270880361,34.0974930362117,43.7178571428571,4.61458333333333,63.3256944444444
"PARL 326-4-7",1233.6,19.5,36.7,90.5,24.1,326,"O. ficus-indica",1,"Year 1",1.88205128205128,63.2615384615385,13.6309392265193,33.6130790190736,51.1867219917012,4.64102564102564,67.4345486111111
"PARL 326-1-1",1298.5,19.4,33.6,83.1,32.7,326,"O. ficus-indica",1,"Year 1",1.7319587628866,66.9329896907217,15.6257521058965,38.6458333333333,39.7094801223242,4.28350515463918,76.715625
"PARL 326-1-6",1445.3,19.3,38.9,94.7,29.7,326,"O. ficus-indica",1,"Year 1",2.01554404145078,74.8860103626943,15.2618796198522,37.1542416452442,48.6632996632997,4.90673575129534,97.7447916666667
"PARL 390-1-5",421.5,17.5,23.7,66.6,13.9,390,"O. robusta",1,"Year 1",1.35428571428571,24.0857142857143,6.32882882882883,17.7848101265823,30.3237410071942,3.80571428571429,16.1035680751174
"PARL 390-4-4",657.8,20.3,22.4,70.6,20.7,390,"O. robusta",1,"Year 1",1.10344827586207,32.4039408866995,9.31728045325779,29.3660714285714,31.7777777777778,3.47783251231527,16.9058215962441
"PARL 390-4-2",772.7,21.3,29.3,81.6,18.3,390,"O. robusta",1,"Year 1",1.37558685446009,36.2769953051643,9.46936274509804,26.3720136518771,42.224043715847,3.83098591549296,19.7137089201878
"PARL 390-1-7",850.3,23.5,30.1,84.5,15.7,390,"O. robusta",1,"Year 1",1.28085106382979,36.1829787234043,10.0627218934911,28.2491694352159,54.1592356687898,3.59574468085106,20.4407511737089
"PARL 390-3-4",934.5,22.5,27.7,78.1,19.9,390,"O. robusta",1,"Year 1",1.23111111111111,41.5333333333333,11.9654289372599,33.7364620938628,46.9597989949749,3.47111111111111,20.8585915492958
"PARL 390-1-1",1016,21.9,34.3,89.9,18.5,390,"O. robusta",1,"Year 1",1.5662100456621,46.3926940639269,11.301446051168,29.6209912536443,54.9189189189189,4.10502283105023,22.3962441314554
"PARL 390-1-3",1043,22.1,29.1,80.8,26.1,390,"O. robusta",1,"Year 1",1.31674208144796,47.1945701357466,12.9084158415842,35.8419243986254,39.9616858237548,3.65610859728507,22.630234741784
"PARL 390-2-7",1160.9,21.6,31.1,82.5,27,390,"O. robusta",1,"Year 1",1.43981481481481,53.7453703703704,14.0715151515152,37.3279742765273,42.9962962962963,3.81944444444444,22.6887323943662
"PARL 390-1-4",1162.8,25.1,33.4,92.3,20.6,390,"O. robusta",1,"Year 1",1.33067729083665,46.3266932270916,12.5980498374865,34.814371257485,56.4466019417476,3.67729083665339,23.3238497652582
"PARL 390-4-8",1194.9,23.3,33.4,90.7,23.9,390,"O. robusta",1,"Year 1",1.43347639484979,51.2832618025751,13.1742006615215,35.7754491017964,49.9958158995816,3.89270386266094,24.3433802816901
"PARL 390-1-2",1196.1,25,28.5,82.5,25.1,390,"O. robusta",1,"Year 1",1.14,47.844,14.4981818181818,41.9684210526316,47.6533864541833,3.3,24.3600938967136
"PARL 390-2-3",1309.4,25.5,36,100.4,24.2,390,"O. robusta",1,"Year 1",1.41176470588235,51.3490196078431,13.0418326693227,36.3722222222222,54.1074380165289,3.93725490196078,27.3267605633803
"PARL 390-3-8",1323.7,24.4,36.5,96,18.9,390,"O. robusta",1,"Year 1",1.49590163934426,54.25,13.7885416666667,36.2657534246575,70.037037037037,3.9344262295082,28.0120187793427
"PARL 390-2-2",1337.4,23.7,36,94.9,22.7,390,"O. robusta",1,"Year 1",1.51898734177215,56.4303797468354,14.0927291886196,37.15,58.9162995594714,4.0042194092827,29.1569014084507
"PARL 390-4-3",1380.5,26.4,27.1,86.2,27,390,"O. robusta",1,"Year 1",1.02651515151515,52.2916666666667,16.0150812064965,50.9409594095941,51.1296296296296,3.26515151515152,29.4159624413146
"PARL 390-2-6",1506.3,26.5,33,99.5,21.3,390,"O. robusta",1,"Year 1",1.24528301886792,56.8415094339623,15.1386934673367,45.6454545454545,70.7183098591549,3.75471698113208,30.3435680751174
"PARL 390-1-6",1512,29.5,38.8,107.2,21.5,390,"O. robusta",1,"Year 1",1.31525423728814,51.2542372881356,14.1044776119403,38.9690721649485,70.3255813953488,3.63389830508475,30.6611267605634
"PARL 390-2-1",1539.5,27.8,34.8,95.7,23.8,390,"O. robusta",1,"Year 1",1.25179856115108,55.3776978417266,16.0867293625914,44.2385057471264,64.6848739495798,3.44244604316547,31.3129577464789
"PARL 390-4-7",1590.8,32.7,34.7,105.1,21,390,"O. robusta",1,"Year 1",1.0611620795107,48.6483180428135,15.1360608943863,45.8443804034582,75.7523809523809,3.21406727828746,35.2740845070423
"PARL 390-1-8",1615.4,24.2,35.6,95.4,33.4,390,"O. robusta",1,"Year 1",1.47107438016529,66.7520661157025,16.9329140461216,45.376404494382,48.3652694610779,3.94214876033058,37.3215023474178
"PARL 390-2-8",1619.8,25.8,34.6,94.6,28.2,390,"O. robusta",1,"Year 1",1.34108527131783,62.7829457364341,17.122621564482,46.8150289017341,57.4397163120567,3.66666666666667,40.6475117370892
"PARL 390-4-5",1633.9,25.7,34.1,92.6,29.9,390,"O. robusta",1,"Year 1",1.32684824902724,63.5758754863813,17.6447084233261,47.9149560117302,54.6454849498328,3.60311284046693,43.0542723004695
"PARL 390-3-5",1748.1,26.8,36.5,98.3,26.7,390,"O. robusta",1,"Year 1",1.36194029850746,65.2276119402985,17.7833163784334,47.8931506849315,65.4719101123596,3.66791044776119,46.7061971830986
"PARL 390-2-4",1869.8,24,34.3,93.4,32.1,390,"O. robusta",1,"Year 1",1.42916666666667,77.9083333333333,20.0192719486081,54.5131195335277,58.2492211838006,3.89166666666667,48.5864788732394
"PARL 390-3-6",2064.4,30.7,37.2,105.7,27,390,"O. robusta",1,"Year 1",1.21172638436482,67.2442996742671,19.5307473982971,55.494623655914,76.4592592592593,3.44299674267101,52.413896713615
"PARL 390-4-1",2169.4,29.2,36.7,104.9,26.3,390,"O. robusta",1,"Year 1",1.25684931506849,74.2945205479452,20.6806482364156,59.1117166212534,82.4866920152091,3.59246575342466,54.2607511737089
"PARL 390-2-5",2263.4,33.4,38.7,109.9,25.9,390,"O. robusta",1,"Year 1",1.15868263473054,67.7664670658683,20.5950864422202,58.4857881136951,87.3899613899614,3.29041916167665,62.2080751173709
"PARL 572-1-7",527.1,14,28,68,19.8,572,"O. ficus-indica",1,"Year 1",2,37.65,7.75147058823529,18.825,26.6212121212121,4.85714285714286,12.0785920925747
"PARL 572-1-8",548,15.4,30.3,72.6,13,572,"O. ficus-indica",1,"Year 1",1.96753246753247,35.5844155844156,7.54820936639118,18.0858085808581,42.1538461538462,4.71428571428571,12.6803278688525
"PARL 572-2-4",590.1,18,31,79.2,17,572,"O. ficus-indica",1,"Year 1",1.72222222222222,32.7833333333333,7.45075757575758,19.0354838709677,34.7117647058824,4.4,14.7864030858245
"PARL 572-2-6",693.6,19.2,38,81.8,22.2,572,"O. ficus-indica",1,"Year 1",1.97916666666667,36.125,8.47921760391198,18.2526315789474,31.2432432432432,4.26041666666667,15.6451301832208
"PARL 572-1-3",705.8,17.7,30.5,78,19,572,"O. ficus-indica",1,"Year 1",1.72316384180791,39.8757062146893,9.04871794871795,23.1409836065574,37.1473684210526,4.40677966101695,16.7984570877531
"PARL 572-2-5",726.7,17.7,36.8,84.7,19.1,572,"O. ficus-indica",1,"Year 1",2.07909604519774,41.0564971751412,8.57969303423849,19.7472826086957,38.0471204188482,4.78531073446328,16.9488910318226
"PARL 572-4-1",748.7,19.2,37.3,84.1,16.5,572,"O. ficus-indica",1,"Year 1",1.94270833333333,38.9947916666667,8.9024970273484,20.0723860589812,45.3757575757576,4.38020833333333,16.9739633558341
"PARL 572-2-8",763.9,18.3,36.8,90.4,16.5,572,"O. ficus-indica",1,"Year 1",2.01092896174863,41.7431693989071,8.45022123893805,20.758152173913,46.2969696969697,4.93989071038251,17.0178399228544
"PARL 572-4-2",779.3,17.8,33.7,83.6,20.8,572,"O. ficus-indica",1,"Year 1",1.89325842696629,43.7808988764045,9.32177033492823,23.1246290801187,37.4663461538462,4.69662921348315,17.4942140790743
"PARL 572-2-2",797.1,18.8,36.7,83.7,20.7,572,"O. ficus-indica",1,"Year 1",1.95212765957447,42.3989361702128,9.52329749103943,21.7193460490463,38.5072463768116,4.45212765957447,18.2589199614272
"PARL 572-2-1",808.2,19.6,38.3,91.7,14,572,"O. ficus-indica",1,"Year 1",1.95408163265306,41.234693877551,8.81352235550709,21.1018276762402,57.7285714285714,4.67857142857143,18.271456123433
"PARL 572-2-3",817.1,19.7,36,86.2,14,572,"O. ficus-indica",1,"Year 1",1.82741116751269,41.4771573604061,9.47911832946636,22.6972222222222,58.3642857142857,4.3756345177665,20.49662487946
"PARL 572-1-1",854,19.2,35.5,84.4,17,572,"O. ficus-indica",1,"Year 1",1.84895833333333,44.4791666666667,10.1184834123223,24.056338028169,50.2352941176471,4.39583333333333,21.0106075216972
"PARL 572-4-6",901.1,19.8,34.3,83.3,25.3,572,"O. ficus-indica",1,"Year 1",1.73232323232323,45.510101010101,10.8175270108043,26.2711370262391,35.6166007905138,4.20707070707071,22.0636451301832
"PARL 572-2-7",956.5,19.8,38.6,89.2,23.3,572,"O. ficus-indica",1,"Year 1",1.94949494949495,48.3080808080808,10.7230941704036,24.779792746114,41.0515021459227,4.50505050505051,22.0636451301832
"PARL 572-4-3",1026.1,21.3,40.5,90.2,20.6,572,"O. ficus-indica",1,"Year 1",1.90140845070423,48.1737089201878,11.3758314855876,25.3358024691358,49.8106796116505,4.23474178403756,22.7594021215043
"PARL 572-4-5",1038.3,20.2,40.8,95.5,18.7,572,"O. ficus-indica",1,"Year 1",2.01980198019802,51.4009900990099,10.8722513089005,25.4485294117647,55.524064171123,4.72772277227723,22.9975891996143
"PARL 572-1-4",1051.8,20.8,41.3,96.3,21,572,"O. ficus-indica",1,"Year 1",1.98557692307692,50.5673076923077,10.9221183800623,25.4673123486683,50.0857142857143,4.62980769230769,23.4864995178399
"PARL 572-4-7",1164.7,20.6,37.2,90.6,20.9,572,"O. ficus-indica",1,"Year 1",1.80582524271845,56.5388349514563,12.855408388521,31.3091397849462,55.7272727272727,4.39805825242718,26.4575699132112
"PARL 572-1-2",1193.4,21.7,45,105.1,17,572,"O. ficus-indica",1,"Year 1",2.07373271889401,54.9953917050691,11.3549000951475,26.52,70.2,4.84331797235023,27.99324975892
"PARL 572-4-8",1257,22.6,43.8,105,18.3,572,"O. ficus-indica",1,"Year 1",1.93805309734513,55.6194690265487,11.9714285714286,28.6986301369863,68.6885245901639,4.64601769911504,30.4879459980714
"PARL 580-2-2",635.6,13.9,42,93.5,16.8,580,"O. ficus-indica",1,"Year 1",3.02158273381295,45.726618705036,6.79786096256684,15.1333333333333,37.8333333333333,6.72661870503597,14.091407678245
"PARL 580-2-1",664.5,15.4,37.9,85.4,17.5,580,"O. ficus-indica",1,"Year 1",2.46103896103896,43.1493506493507,7.78103044496487,17.532981530343,37.9714285714286,5.54545454545455,14.7934186471664
"PARL 580-1-6",677.8,11.9,46.1,96.9,24.3,580,"O. ficus-indica",1,"Year 1",3.87394957983193,56.9579831932773,6.99484004127967,14.7028199566161,27.8930041152263,8.14285714285714,17.2504570383912
"PARL 580-4-2",687.4,13.8,38.9,86.1,21.2,580,"O. ficus-indica",1,"Year 1",2.81884057971014,49.8115942028985,7.98373983739837,17.6709511568123,32.4245283018868,6.23913043478261,17.8866544789762
"PARL 580-1-1",707.8,15,41.5,92.3,19.19,580,"O. ficus-indica",1,"Year 1",2.76666666666667,47.1866666666667,7.66847237269772,17.055421686747,36.8837936425221,6.15333333333333,18.2522851919561
"PARL 580-1-7",714,14.7,39,82.5,16.99,580,"O. ficus-indica",1,"Year 1",2.6530612244898,48.5714285714286,8.65454545454545,18.3076923076923,42.0247204237787,5.61224489795918,19.5978062157221
"PARL 580-2-4",727,13.8,38.5,89.4,20.4,580,"O. ficus-indica",1,"Year 1",2.78985507246377,52.6811594202899,8.13199105145414,18.8831168831169,35.6372549019608,6.47826086956522,19.7733089579525
"PARL 580-4-5",734.1,15.1,38.2,88.8,18,580,"O. ficus-indica",1,"Year 1",2.52980132450331,48.6158940397351,8.26689189189189,19.217277486911,40.7833333333333,5.88079470198675,19.8025594149909
"PARL 580-1-3",821.8,17.4,42,94.4,17.48,580,"O. ficus-indica",1,"Year 1",2.41379310344828,47.2298850574713,8.70550847457627,19.5666666666667,47.0137299771167,5.42528735632184,19.853747714808
"PARL 580-4-7",824.9,14.7,41.2,88.2,21.9,580,"O. ficus-indica",1,"Year 1",2.80272108843537,56.1156462585034,9.35260770975057,20.0218446601942,37.6666666666667,6,20.4095063985375
"PARL 580-2-8",830.6,15.1,40,89.3,20.6,580,"O. ficus-indica",1,"Year 1",2.64900662251656,55.0066225165563,9.30123180291153,20.765,40.3203883495146,5.91390728476821,21.3016453382084
"PARL 580-4-1",848.7,15.1,36.4,81.6,25.7,580,"O. ficus-indica",1,"Year 1",2.41059602649007,56.205298013245,10.4007352941176,23.3159340659341,33.0233463035019,5.40397350993377,21.3162705667276
"PARL 580-2-7",848.8,14.3,43.9,97.6,18.9,580,"O. ficus-indica",1,"Year 1",3.06993006993007,59.3566433566434,8.69672131147541,19.3348519362187,44.9100529100529,6.82517482517482,23.9122486288848
"PARL 580-2-3",893.4,14.2,38.3,90.3,25,580,"O. ficus-indica",1,"Year 1",2.69718309859155,62.9154929577465,9.8936877076412,23.3263707571802,35.736,6.35915492957746,24.5118829981718
"PARL 580-4-3",925.9,17.7,42.2,96.8,20.8,580,"O. ficus-indica",1,"Year 1",2.38418079096045,52.3107344632768,9.5650826446281,21.9407582938389,44.5144230769231,5.46892655367232,25.5137111517367
"PARL 580-1-8",962.2,15.4,48.1,107.8,21.84,580,"O. ficus-indica",1,"Year 1",3.12337662337662,62.4805194805195,8.92578849721707,20.004158004158,44.0567765567766,7,25.7404021937843
"PARL 580-4-6",979.4,16.4,36.6,91.1,23.1,580,"O. ficus-indica",1,"Year 1",2.23170731707317,59.719512195122,10.7508232711306,26.7595628415301,42.3982683982684,5.55487804878049,25.7404021937843
"PARL 580-2-6",990.6,14.4,48,107.9,21,580,"O. ficus-indica",1,"Year 1",3.33333333333333,68.7916666666667,9.18072289156627,20.6375,47.1714285714286,7.49305555555556,26.5521023765996
"PARL 580-2-5",1019.1,14.3,43.5,101.2,27,580,"O. ficus-indica",1,"Year 1",3.04195804195804,71.2657342657343,10.0701581027668,23.4275862068966,37.7444444444444,7.07692307692308,26.8299817184643
"PARL 580-1-5",1034.1,16.5,43,101,18.73,580,"O. ficus-indica",1,"Year 1",2.60606060606061,62.6727272727273,10.2386138613861,24.0488372093023,55.2108916177256,6.12121212121212,27.400365630713
"PARL 580-4-4",1106.6,16.6,37.7,87.8,27.5,580,"O. ficus-indica",1,"Year 1",2.2710843373494,66.6626506024096,12.6036446469248,29.3527851458886,40.24,5.28915662650602,30.8665447897623
"PARL 580-1-4",1135.4,17.5,46,100.5,22.78,580,"O. ficus-indica",1,"Year 1",2.62857142857143,64.88,11.2975124378109,24.6826086956522,49.8419666374012,5.74285714285714,32.6581352833638
"PARL 580-4-8",1171.3,17.9,42.2,94.7,26.4,580,"O. ficus-indica",1,"Year 1",2.35754189944134,65.4357541899441,12.3685322069694,27.7559241706161,44.3674242424242,5.29050279329609,37.6745886654479
"PARL 582-4-8",477.1,11.7,32.2,67,19,582,"O. cochinillifera",1,"Year 1",2.75213675213675,40.7777777777778,7.12089552238806,14.8167701863354,25.1105263157895,5.72649572649573,13.5436498150432
"PARL 582-1-5",680,14.1,39.3,87.8,19.8,582,"O. cochinillifera",1,"Year 1",2.78723404255319,48.2269503546099,7.74487471526196,17.3027989821883,34.3434343434343,6.22695035460993,14.2183723797781
"PARL 582-4-1",695.7,13.4,40.3,90.6,18.7,582,"O. cochinillifera",1,"Year 1",3.00746268656716,51.9179104477612,7.67880794701987,17.2630272952854,37.2032085561497,6.76119402985075,16.5799013563502
"PARL 582-2-5",744.6,14.3,43.1,95.8,21.8,582,"O. cochinillifera",1,"Year 1",3.01398601398601,52.0699300699301,7.77244258872651,17.2761020881671,34.1559633027523,6.6993006993007,17.1913686806412
"PARL 582-3-4",780.6,13.3,40.3,90.6,21.6,582,"O. cochinillifera",1,"Year 1",3.03007518796992,58.6917293233083,8.6158940397351,19.3697270471464,36.1388888888889,6.81203007518797,17.5427866831073
"PARL 582-1-6",807.5,14.9,37.2,87.8,21.8,582,"O. cochinillifera",1,"Year 1",2.49664429530201,54.1946308724832,9.19703872437358,21.7069892473118,37.0412844036697,5.89261744966443,18.8360049321825
"PARL 582-1-7",811.6,13.9,41.5,93.6,21.8,582,"O. cochinillifera",1,"Year 1",2.98561151079137,58.3884892086331,8.67094017094017,19.5566265060241,37.2293577981651,6.73381294964029,19.0046855733662
"PARL 582-2-6",836.6,16.2,45.6,100.6,18.3,582,"O. cochinillifera",1,"Year 1",2.81481481481481,51.641975308642,8.31610337972167,18.3464912280702,45.7158469945355,6.20987654320988,19.0327990135635
"PARL 582-2-1",842.5,15.7,43.1,96.4,22.2,582,"O. cochinillifera",1,"Year 1",2.74522292993631,53.6624203821656,8.7396265560166,19.5475638051044,37.9504504504505,6.14012738853503,19.0819975339088
"PARL 582-1-4",847.4,15.3,40,92.7,22.4,582,"O. cochinillifera",1,"Year 1",2.61437908496732,55.3856209150327,9.14131607335491,21.185,37.8303571428571,6.05882352941176,19.6161528976572
"PARL 582-1-8",859.6,14.7,43.7,97.8,19.7,582,"O. cochinillifera",1,"Year 1",2.97278911564626,58.4761904761905,8.78936605316973,19.6704805491991,43.6345177664975,6.6530612244898,20.4876695437731
"PARL 582-3-8",863.1,14.2,43.6,97.4,20.3,582,"O. cochinillifera",1,"Year 1",3.07042253521127,60.7816901408451,8.86139630390144,19.795871559633,42.5172413793103,6.85915492957747,22.9827373612824
"PARL 582-2-8",897.2,16.8,42.4,99.3,20.3,582,"O. cochinillifera",1,"Year 1",2.52380952380952,53.4047619047619,9.03524672708963,21.1603773584906,44.1970443349754,5.91071428571429,23.5590628853268
"PARL 582-2-2",936.2,16.5,41.4,96.1,22.9,582,"O. cochinillifera",1,"Year 1",2.50909090909091,56.7393939393939,9.74193548387097,22.6135265700483,40.882096069869,5.82424242424242,24.5219482120838
"PARL 582-4-4",953.5,16.9,41.4,97.1,20,582,"O. cochinillifera",1,"Year 1",2.44970414201183,56.4201183431953,9.81977342945417,23.0314009661836,47.675,5.74556213017751,24.7398273736128
"PARL 582-2-4",961.8,14.6,43,99.4,21.5,582,"O. cochinillifera",1,"Year 1",2.94520547945206,65.8767123287671,9.67605633802817,22.3674418604651,44.7348837209302,6.80821917808219,24.7398273736128
"PARL 582-4-3",970,16.4,44.2,97.8,23.6,582,"O. cochinillifera",1,"Year 1",2.69512195121951,59.1463414634146,9.91820040899796,21.9457013574661,41.1016949152542,5.96341463414634,25.5199753390875
"PARL 582-1-1",973.9,15.6,40.2,93.2,22.5,582,"O. cochinillifera",1,"Year 1",2.57692307692308,62.4294871794872,10.4495708154506,24.226368159204,43.2844444444444,5.97435897435897,25.7870530209618
"PARL 582-2-3",986.9,16.7,40.6,94.6,22.6,582,"O. cochinillifera",1,"Year 1",2.4311377245509,59.0958083832335,10.4323467230444,24.307881773399,43.6681415929203,5.66467065868263,26.3352651048089
"PARL 582-3-1",994.9,15.6,37.3,103.1,23.9,582,"O. cochinillifera",1,"Year 1",2.39102564102564,63.775641025641,9.64985451018429,26.6729222520107,41.6276150627615,6.60897435897436,29.6667077681874
"PARL 582-4-5",1013.2,16.4,42.2,98.9,25.3,582,"O. cochinillifera",1,"Year 1",2.57317073170732,61.7804878048781,10.2446916076845,24.0094786729858,40.0474308300395,6.03048780487805,31.3886559802713
"PARL 582-3-7",1050.7,15.4,47.1,102.3,24.6,582,"O. cochinillifera",1,"Year 1",3.05844155844156,68.2272727272727,10.2707722385142,22.307855626327,42.7113821138211,6.64285714285714,34.1859432799014
"PARL 582-3-6",1051.2,15.7,45.6,102.6,22.7,582,"O. cochinillifera",1,"Year 1",2.90445859872611,66.9554140127389,10.2456140350877,23.0526315789474,46.3083700440529,6.53503184713376,36.210110974106
"PARL 582-3-2",1075.4,17.1,43.8,99.7,24.2,582,"O. cochinillifera",1,"Year 1",2.56140350877193,62.8888888888889,10.7863590772317,24.5525114155251,44.4380165289256,5.83040935672515,40.8628853267571
"PARL 582-4-2",1104.1,17.4,43.6,104.2,17.8,582,"O. cochinillifera",1,"Year 1",2.50574712643678,63.4540229885057,10.5959692898273,25.3233944954128,62.0280898876404,5.98850574712644,44.0818742293465
"PARL 582-4-6",1109.8,17.4,43.7,98.9,23.9,582,"O. cochinillifera",1,"Year 1",2.51149425287356,63.7816091954023,11.221435793731,25.395881006865,46.4351464435146,5.68390804597701,45.6351418002466
"PARL 582-1-3",1140.2,18.1,43.9,102.7,22.7,582,"O. cochinillifera",1,"Year 1",2.42541436464088,62.9944751381215,11.1022395326193,25.9726651480638,50.2290748898678,5.67403314917127,52.3191122071517
"PARL 582-3-5",1150.5,17.9,44.8,101.6,20.8,582,"O. cochinillifera",1,"Year 1",2.50279329608939,64.2737430167598,11.3238188976378,25.6808035714286,55.3125,5.67597765363128,55.7138101109741
"PARL 582-2-7",1267.9,17.6,43,99.4,25.3,582,"O. cochinillifera",1,"Year 1",2.44318181818182,72.0397727272727,12.7555331991952,29.4860465116279,50.1146245059289,5.64772727272727,63.3817509247842
"PARL 582-4-7",1400.9,18.6,47.3,109.5,24.9,582,"O. cochinillifera",1,"Year 1",2.54301075268817,75.3172043010753,12.7936073059361,29.6173361522199,56.2610441767068,5.88709677419355,80.7558569667078
"PARL 584-2-5",542.2,14.2,26.2,65.9,19.9,584,"O. ficus-indica",1,"Year 1",1.84507042253521,38.1830985915493,8.22761760242792,20.6946564885496,27.2462311557789,4.64084507042254,13.0980432543769
"PARL 584-4-3",584.2,15.6,24.3,66.4,21.6,584,"O. ficus-indica",1,"Year 1",1.55769230769231,37.448717948718,8.79819277108434,24.0411522633745,27.0462962962963,4.25641025641026,13.7505664263646
"PARL 584-4-7",720.2,16.3,34.8,81.4,17.7,584,"O. ficus-indica",1,"Year 1",2.13496932515337,44.1840490797546,8.84766584766585,20.6954022988506,40.6892655367232,4.99386503067485,16.0343975283213
"PARL 584-1-3",756.3,19.7,25.6,70.5,23.6,584,"O. ficus-indica",1,"Year 1",1.2994923857868,38.3908629441624,10.7276595744681,29.54296875,32.0466101694915,3.57868020304569,16.6257466529351
"PARL 584-2-8",813,16.6,30.3,73.5,21.9,584,"O. ficus-indica",1,"Year 1",1.82530120481928,48.9759036144578,11.0612244897959,26.8316831683168,37.1232876712329,4.42771084337349,16.9656024716787
"PARL 584-1-4",839.8,16.5,31.3,78.2,24,584,"O. ficus-indica",1,"Year 1",1.8969696969697,50.8969696969697,10.7391304347826,26.8306709265176,34.9916666666667,4.73939393939394,18.216271884655
"PARL 584-2-7",840.4,14.6,31.6,76.7,31.1,584,"O. ficus-indica",1,"Year 1",2.16438356164384,57.5616438356164,10.9569752281617,26.5949367088608,27.0225080385852,5.25342465753425,18.3794026776519
"PARL 584-2-6",881.4,17,28.5,74.2,23.3,584,"O. ficus-indica",1,"Year 1",1.67647058823529,51.8470588235294,11.8787061994609,30.9263157894737,37.8283261802575,4.36470588235294,18.4065911431514
"PARL 584-4-8",916,17,38.3,90.4,19.8,584,"O. ficus-indica",1,"Year 1",2.25294117647059,53.8823529411765,10.1327433628319,23.9164490861619,46.2626262626263,5.31764705882353,18.4541709577755
"PARL 584-2-2",987.5,17.8,33.2,78.2,28.7,584,"O. ficus-indica",1,"Year 1",1.86516853932584,55.4775280898876,12.6278772378517,29.7439759036145,34.4076655052265,4.39325842696629,18.9707518022657
"PARL 584-4-2",993.3,19.8,30.7,81.9,23,584,"O. ficus-indica",1,"Year 1",1.55050505050505,50.1666666666667,12.1282051282051,32.3550488599349,43.1869565217391,4.13636363636364,19.8
"PARL 584-4-1",1059.3,18.9,35.2,86.3,21.6,584,"O. ficus-indica",1,"Year 1",1.86243386243386,56.0476190476191,12.2746234067207,30.09375,49.0416666666667,4.56613756613757,19.8135942327497
"PARL 584-2-3",1093.4,20.5,38,81.9,27,584,"O. ficus-indica",1,"Year 1",1.85365853658537,53.3365853658537,13.3504273504274,28.7736842105263,40.4962962962963,3.99512195121951,22.226570545829
"PARL 584-2-1",1107.9,21.7,36.4,91.6,18.7,584,"O. ficus-indica",1,"Year 1",1.67741935483871,51.0552995391705,12.0949781659389,30.4368131868132,59.2459893048128,4.22119815668203,22.7839340885685
"PARL 584-4-4",1174.3,19.9,40.3,95.9,20.9,584,"O. ficus-indica",1,"Year 1",2.0251256281407,59.0100502512563,12.245046923879,29.1389578163772,56.1866028708134,4.81909547738694,23.7151390319258
"PARL 584-2-4",1281.4,20.5,34.2,88.3,29.4,584,"O. ficus-indica",1,"Year 1",1.66829268292683,62.5073170731707,14.5118912797282,37.4678362573099,43.5850340136054,4.30731707317073,23.9258496395469
"PARL 584-1-5",1348,21.7,37.2,92.1,26.17,584,"O. ficus-indica",1,"Year 1",1.71428571428571,62.1198156682028,14.6362649294245,36.2365591397849,51.5093618647306,4.24423963133641,23.9258496395469
"PARL 584-1-7",1462.6,20.4,42.3,98.5,25.77,584,"O. ficus-indica",1,"Year 1",2.07352941176471,71.6960784313726,14.848730964467,34.5768321513002,56.755917733799,4.82843137254902,24.6803295571576
"PARL 584-4-5",1511.2,19,39.2,96.9,29.9,584,"O. ficus-indica",1,"Year 1",2.06315789473684,79.5368421052632,15.5954592363261,38.5510204081633,50.5418060200669,5.1,25.4687950566426
"PARL 584-4-6",1529.1,23.8,42.7,103.7,20.3,584,"O. ficus-indica",1,"Year 1",1.79411764705882,64.2478991596639,14.7454194792671,35.8103044496487,75.3251231527094,4.35714285714286,28.6906282183316
"PARL 584-1-8",1609.2,20.5,44.5,107,25,584,"O. ficus-indica",1,"Year 1",2.17073170731707,78.4975609756098,15.0392523364486,36.161797752809,64.368,5.21951219512195,30.3559217301751
"PARL 584-1-6",1800.2,20.5,43,105,26.5,584,"O. ficus-indica",1,"Year 1",2.09756097560976,87.8146341463415,17.1447619047619,41.8651162790698,67.9320754716981,5.1219512195122,33.0611740473738
"PARL 584-1-2",2323.9,28.5,44.5,115.5,23.5,584,"O. ficus-indica",1,"Year 1",1.56140350877193,81.540350877193,20.1203463203463,52.2224719101124,98.8893617021277,4.05263157894737,35.0187435633368
"PARL 585-1-5",382.1,16.2,27.8,65.4,15,585,"O. ficus-indica",1,"Year 1",1.71604938271605,23.5864197530864,5.84250764525994,13.7446043165468,25.4733333333333,4.03703703703704,13.5228070175439
"PARL 585-1-4",439.9,14.5,26,64.5,19.5,585,"O. ficus-indica",1,"Year 1",1.79310344827586,30.3379310344828,6.82015503875969,16.9192307692308,22.5589743589744,4.44827586206897,14.1964912280702
"PARL 585-4-4",445.9,16.5,29.1,66.8,15,585,"O. ficus-indica",1,"Year 1",1.76363636363636,27.0242424242424,6.6751497005988,15.3230240549828,29.7266666666667,4.04848484848485,16.5543859649123
"PARL 585-2-7",452.4,14.2,22.9,60.4,20.1,585,"O. ficus-indica",1,"Year 1",1.61267605633803,31.8591549295775,7.49006622516556,19.7554585152838,22.5074626865672,4.25352112676056,17.1649122807018
"PARL 585-2-3",457.2,18.3,33,72.6,15.3,585,"O. ficus-indica",1,"Year 1",1.80327868852459,24.983606557377,6.29752066115702,13.8545454545455,29.8823529411765,3.9672131147541,17.5157894736842
"PARL 585-4-3",544.2,15.4,22.6,57.8,26.6,585,"O. ficus-indica",1,"Year 1",1.46753246753247,35.3376623376623,9.41522491349481,24.0796460176991,20.4586466165414,3.75324675324675,18.8070175438597
"PARL 585-2-5",581.2,16.2,28.5,71.9,18.2,585,"O. ficus-indica",1,"Year 1",1.75925925925926,35.8765432098765,8.08344923504868,20.3929824561404,31.9340659340659,4.43827160493827,18.9754385964912
"PARL 585-4-1",649.8,16.6,33.6,81.4,16.5,585,"O. ficus-indica",1,"Year 1",2.02409638554217,39.144578313253,7.98280098280098,19.3392857142857,39.3818181818182,4.90361445783132,19.0035087719298
"PARL 585-4-7",678,21,30.9,75.1,21.6,585,"O. ficus-indica",1,"Year 1",1.47142857142857,32.2857142857143,9.02796271637816,21.9417475728155,31.3888888888889,3.57619047619048,19.5859649122807
"PARL 585-2-8",692,18.3,33,69.8,18.5,585,"O. ficus-indica",1,"Year 1",1.80327868852459,37.8142076502732,9.91404011461318,20.969696969697,37.4054054054054,3.81420765027322,20.4421052631579
"PARL 585-1-7",722.3,15.8,34.5,83,21,585,"O. ficus-indica",1,"Year 1",2.18354430379747,45.7151898734177,8.70240963855422,20.936231884058,34.3952380952381,5.25316455696202,20.4561403508772
"PARL 585-4-8",762.8,17.9,32.1,79,23.1,585,"O. ficus-indica",1,"Year 1",1.79329608938548,42.6145251396648,9.65569620253165,23.7632398753894,33.021645021645,4.41340782122905,22.9473684210526
"PARL 585-2-1",787.4,18.4,29.9,75.4,20,585,"O. ficus-indica",1,"Year 1",1.625,42.7934782608696,10.4429708222812,26.3344481605351,39.37,4.09782608695652,23.5228070175439
"PARL 585-4-2",828.5,18.6,32.7,79.6,22.2,585,"O. ficus-indica",1,"Year 1",1.75806451612903,44.5430107526882,10.4082914572864,25.3363914373089,37.3198198198198,4.27956989247312,24.4842105263158
"PARL 585-2-6",829.8,17.4,32.4,81.3,20.8,585,"O. ficus-indica",1,"Year 1",1.86206896551724,47.6896551724138,10.2066420664207,25.6111111111111,39.8942307692308,4.67241379310345,24.7017543859649
"PARL 585-1-2",851.6,17.7,32.5,80.1,24.5,585,"O. ficus-indica",1,"Year 1",1.8361581920904,48.1129943502825,10.6317103620474,26.2030769230769,34.7591836734694,4.52542372881356,24.7017543859649
"PARL 585-4-5",860.9,18.5,34.4,82,23.3,585,"O. ficus-indica",1,"Year 1",1.85945945945946,46.5351351351351,10.4987804878049,25.0261627906977,36.9484978540773,4.43243243243243,25.480701754386
"PARL 585-2-2",880.5,20.2,32.6,83.1,20.9,585,"O. ficus-indica",1,"Year 1",1.61386138613861,43.5891089108911,10.5956678700361,27.0092024539877,42.1291866028708,4.11386138613861,25.7473684210526
"PARL 585-1-1",956.2,17.5,35.4,83.5,22.45,585,"O. ficus-indica",1,"Year 1",2.02285714285714,54.64,11.451497005988,27.0112994350283,42.5924276169265,4.77142857142857,26.2947368421053
"PARL 585-2-4",973.9,19.3,35.9,83,21.4,585,"O. ficus-indica",1,"Year 1",1.86010362694301,50.4611398963731,11.733734939759,27.1281337047354,45.5093457943925,4.30051813471503,29.621052631579
"PARL 585-1-6",996.1,18.7,40.8,93.9,26,585,"O. ficus-indica",1,"Year 1",2.18181818181818,53.2673796791444,10.6080937167199,24.4142156862745,38.3115384615385,5.02139037433155,31.340350877193
"PARL 585-4-6",1015.2,18.6,36.7,86.1,22.6,585,"O. ficus-indica",1,"Year 1",1.97311827956989,54.5806451612903,11.7909407665505,27.6621253405995,44.9203539823009,4.62903225806452,34.1333333333333
"PARL 585-1-3",1212.4,22.6,38.6,95.2,22,585,"O. ficus-indica",1,"Year 1",1.70796460176991,53.646017699115,12.7352941176471,31.4093264248705,55.1090909090909,4.21238938053097,36.1543859649123
"PARL 839-2-3",361.9,15.6,26,66.5,15.2,839,"O.undulata",1,"Year 1",1.66666666666667,23.1987179487179,5.44210526315789,13.9192307692308,23.8092105263158,4.26282051282051,16.0178841309824
"PARL 839-4-5",417.8,18.8,31.7,75.2,9.97,839,"O.undulata",1,"Year 1",1.68617021276596,22.2234042553191,5.55585106382979,13.1798107255521,41.9057171514544,4,16.8158690176322
"PARL 839-2-1",557.3,20.3,30.1,74.9,17.9,839,"O.undulata",1,"Year 1",1.48275862068966,27.4532019704433,7.44058744993324,18.514950166113,31.1340782122905,3.68965517241379,19.6088161209068
"PARL 839-4-3",599,21.6,36.6,85.8,11.2,839,"O.undulata",1,"Year 1",1.69444444444444,27.7314814814815,6.98135198135198,16.3661202185792,53.4821428571429,3.97222222222222,20.3319899244332
"PARL 839-4-8",674.9,22.8,23.9,79.3,20.4,839,"O.undulata",1,"Year 1",1.04824561403509,29.6008771929825,8.51071878940731,28.2384937238494,33.0833333333333,3.4780701754386,20.7476070528967
"PARL 839-2-7",703.6,17,26,73.4,28.7,839,"O.undulata",1,"Year 1",1.52941176470588,41.3882352941176,9.5858310626703,27.0615384615385,24.5156794425087,4.31764705882353,22.2770780856423
"PARL 839-2-6",787.8,24.1,31.9,88.9,16.4,839,"O.undulata",1,"Year 1",1.32365145228216,32.6887966804979,8.86164229471316,24.6959247648903,48.0365853658537,3.68879668049793,22.4765743073048
"PARL 839-4-2",788.7,23.7,36.9,90.3,12.4,839,"O.undulata",1,"Year 1",1.55696202531646,33.2784810126582,8.73421926910299,21.3739837398374,63.6048387096774,3.81012658227848,22.5098236775819
"PARL 839-1-3",885.9,24.6,34.7,94.6,19,839,"O.undulata",1,"Year 1",1.41056910569106,36.0121951219512,9.3646934460888,25.5302593659942,46.6263157894737,3.84552845528455,22.5680100755668
"PARL 839-4-6",898.3,28.2,30.6,88.6,15,839,"O.undulata",1,"Year 1",1.08510638297872,31.854609929078,10.1388261851016,29.3562091503268,59.8866666666667,3.14184397163121,23.1997481108312
"PARL 839-2-4",918.8,23.9,34.2,94,12.5,839,"O.undulata",1,"Year 1",1.43096234309623,38.4435146443515,9.77446808510638,26.8654970760234,73.504,3.93305439330544,24.2138539042821
"PARL 839-2-2",939.9,21.9,35.2,88.2,21.5,839,"O.undulata",1,"Year 1",1.60730593607306,42.9178082191781,10.656462585034,26.7017045454545,43.7162790697674,4.02739726027397,24.2304785894207
"PARL 839-1-6",948,24.4,31,90.5,17,839,"O.undulata",1,"Year 1",1.27049180327869,38.8524590163934,10.475138121547,30.5806451612903,55.7647058823529,3.70901639344262,27.8629722921914
"PARL 839-4-7",948.9,22.4,42.3,101.6,11.5,839,"O.undulata",1,"Year 1",1.88839285714286,42.3616071428571,9.33956692913386,22.4326241134752,82.5130434782609,4.53571428571429,29.0017632241814
"PARL 839-4-1",996.7,25.6,36.8,101.5,14.8,839,"O.undulata",1,"Year 1",1.4375,38.93359375,9.81970443349754,27.0842391304348,67.3445945945946,3.96484375,29.2594458438287
"PARL 839-1-8",1098.2,23.4,38.4,98.5,17,839,"O.undulata",1,"Year 1",1.64102564102564,46.9316239316239,11.1492385786802,28.5989583333333,64.6,4.20940170940171,29.2594458438287
"PARL 839-1-4",1131.2,24.2,34.5,94.5,22,839,"O.undulata",1,"Year 1",1.42561983471074,46.7438016528926,11.9703703703704,32.7884057971014,51.4181818181818,3.90495867768595,30.1821158690176
"PARL 839-1-5",1147.4,31.1,37.4,99.4,15,839,"O.undulata",1,"Year 1",1.20257234726688,36.8938906752412,11.5432595573441,30.6791443850267,76.4933333333333,3.19614147909968,30.4979848866499
"PARL 839-2-8",1254.7,26.4,36.9,102.5,18.4,839,"O.undulata",1,"Year 1",1.39772727272727,47.5265151515152,12.2409756097561,34.0027100271003,68.1902173913044,3.88257575757576,31.1463476070529
"PARL 839-1-7",1267,25.6,37.8,99.7,16,839,"O.undulata",1,"Year 1",1.4765625,49.4921875,12.7081243731194,33.5185185185185,79.1875,3.89453125,35.0863979848867
"PARL 839-2-5",1362.3,28,38.7,107.2,16.2,839,"O.undulata",1,"Year 1",1.38214285714286,48.6535714285714,12.7080223880597,35.2015503875969,84.0925925925926,3.82857142857143,37.1229219143577
"PARL 839-4-4",1481.9,28.6,36.9,106.9,18.8,839,"O.undulata",1,"Year 1",1.29020979020979,51.8146853146853,13.8624883068288,40.159891598916,78.8244680851064,3.73776223776224,40.4312342569269
"PARL 839-1-1",1587.7,29.4,46.9,119.4,17,839,"O.undulata",1,"Year 1",1.5952380952381,54.0034013605442,13.2973199329983,33.8528784648188,93.3941176470588,4.06122448979592,42.8251889168766
"PARL 845-1-2",454.5,17.1,31.6,75.4,13.5,845,"O. ficus-indica",1,"Year 1",1.84795321637427,26.5789473684211,6.02785145888594,14.3829113924051,33.6666666666667,4.4093567251462,18.9239789196311
"PARL 845-4-1",456.6,15.7,25.6,66.3,16.2,845,"O. ficus-indica",1,"Year 1",1.63057324840764,29.0828025477707,6.8868778280543,17.8359375,28.1851851851852,4.22292993630573,22.0670619235837
"PARL 845-2-1",457.8,15.2,26.2,63.7,19.2,845,"O. ficus-indica",1,"Year 1",1.72368421052632,30.1184210526316,7.18681318681319,17.4732824427481,23.84375,4.19078947368421,22.8808959156785
"PARL 845-1-5",464.2,15.8,24.3,66.2,16.3,845,"O. ficus-indica",1,"Year 1",1.5379746835443,29.379746835443,7.01208459214501,19.1028806584362,28.478527607362,4.18987341772152,23.3486166007905
"PARL 845-4-8",467.9,18.2,27.4,69.2,16.9,845,"O. ficus-indica",1,"Year 1",1.50549450549451,25.7087912087912,6.76156069364162,17.0766423357664,27.6863905325444,3.8021978021978,25.0698287220026
"PARL 845-4-5",495.5,17.1,24.2,64.1,19.5,845,"O. ficus-indica",1,"Year 1",1.41520467836257,28.9766081871345,7.73010920436818,20.4752066115702,25.4102564102564,3.74853801169591,25.2943346508564
"PARL 845-4-4",501.5,16.1,29.1,65.7,20.3,845,"O. ficus-indica",1,"Year 1",1.80745341614907,31.1490683229814,7.63318112633181,17.233676975945,24.7044334975369,4.08074534161491,25.3317523056654
"PARL 845-3-5",555.4,19.2,27.5,73.4,12.2,845,"O. ficus-indica",1,"Year 1",1.43229166666667,28.9270833333333,7.56675749318801,20.1963636363636,45.5245901639344,3.82291666666667,25.397233201581
"PARL 845-2-5",557,17.6,24.5,68,17.6,845,"O. ficus-indica",1,"Year 1",1.39204545454545,31.6477272727273,8.19117647058824,22.734693877551,31.6477272727273,3.86363636363636,26.1081686429513
"PARL 845-4-6",609.8,18.3,29.7,75.3,16.8,845,"O. ficus-indica",1,"Year 1",1.62295081967213,33.3224043715847,8.09827357237716,20.5319865319865,36.297619047619,4.11475409836066,27.2494071146245
"PARL 845-3-2",699.4,21.3,33.9,86.5,16.8,845,"O. ficus-indica",1,"Year 1",1.59154929577465,32.8356807511737,8.08554913294798,20.6312684365782,41.6309523809524,4.06103286384977,30.5889328063241
"PARL 845-1-6",719.7,19.2,26.9,73.7,18.3,845,"O. ficus-indica",1,"Year 1",1.40104166666667,37.484375,9.76526458616011,26.7546468401487,39.327868852459,3.83854166666667,31.3559947299078
"PARL 845-2-4",744.3,20.1,31.6,82.3,12.9,845,"O. ficus-indica",1,"Year 1",1.57213930348259,37.0298507462687,9.04374240583232,23.5537974683544,57.6976744186046,4.09452736318408,32.9275362318841
"PARL 845-4-3",749.3,20.2,33.4,86.6,18.3,845,"O. ficus-indica",1,"Year 1",1.65346534653465,37.0940594059406,8.65242494226328,22.4341317365269,40.9453551912568,4.28712871287129,32.9275362318841
"PARL 845-4-2",829.5,19.6,33.9,81.8,21.4,845,"O. ficus-indica",1,"Year 1",1.72959183673469,42.3214285714286,10.140586797066,24.4690265486726,38.7616822429907,4.1734693877551,33.9658761528327
"PARL 845-1-8",830.7,25.5,35.4,89,13.3,845,"O. ficus-indica",1,"Year 1",1.38823529411765,32.5764705882353,9.33370786516854,23.4661016949153,62.4586466165414,3.49019607843137,34.3213438735178
"PARL 845-1-3",831,22.4,28.9,79.3,19.3,845,"O. ficus-indica",1,"Year 1",1.29017857142857,37.0982142857143,10.4791929382093,28.7543252595156,43.0569948186528,3.54017857142857,35.0509881422925
"PARL 845-1-1",857,22.6,35.5,92.5,14.3,845,"O. ficus-indica",1,"Year 1",1.57079646017699,37.9203539823009,9.26486486486487,24.1408450704225,59.9300699300699,4.0929203539823,39.4849802371542
"PARL 845-3-6",888.6,22.3,34.8,89.6,16.9,845,"O. ficus-indica",1,"Year 1",1.56053811659193,39.847533632287,9.91741071428572,25.5344827586207,52.5798816568047,4.01793721973094,41.7768115942029
"PARL 845-3-3",909.4,20.7,28.1,77.1,27.4,845,"O. ficus-indica",1,"Year 1",1.35748792270531,43.9323671497585,11.7950713359274,32.3629893238434,33.1897810218978,3.72463768115942,45.4998682476943
"PARL 845-1-7",958.2,21.3,33.6,87.6,19.4,845,"O. ficus-indica",1,"Year 1",1.57746478873239,44.9859154929577,10.9383561643836,28.5178571428571,49.3917525773196,4.11267605633803,48.1939393939394
"PARL 845-2-2",1121.6,24.6,35.2,93.9,17.3,845,"O. ficus-indica",1,"Year 1",1.43089430894309,45.5934959349593,11.9446219382322,31.8636363636364,64.8323699421965,3.81707317073171,54.3865612648221
"PARL 845-3-7",1191.6,22.4,37.2,94.8,20.6,845,"O. ficus-indica",1,"Year 1",1.66071428571429,53.1964285714286,12.5696202531646,32.0322580645161,57.8446601941748,4.23214285714286,58.670882740448
"PARL 845-3-4",1207.1,22.9,38.4,97.9,19.7,845,"O. ficus-indica",1,"Year 1",1.67685589519651,52.7117903930131,12.3299284984678,31.4348958333333,61.2741116751269,4.27510917030568,60.7382081686429
"PARL 845-3-1",1213.5,24.2,35.4,92.1,21.2,845,"O. ficus-indica",1,"Year 1",1.46280991735537,50.1446280991736,13.1758957654723,34.2796610169492,57.2405660377359,3.80578512396694,69.634255599473
"PARL 845-3-8",1355.9,25.1,43.2,106.4,19.2,845,"O. ficus-indica",1,"Year 1",1.72111553784861,54.0199203187251,12.7434210526316,31.3865740740741,70.6197916666667,4.2390438247012,74.1524374176548
"PARL 845-2-3",1398.4,23.5,41.6,103.4,15,845,"O. ficus-indica",1,"Year 1",1.77021276595745,59.5063829787234,13.5241779497099,33.6153846153846,93.2266666666667,4.4,84.3581027667984
"PARL 845-2-7",1596,25.3,42.5,110,21.3,845,"O. ficus-indica",1,"Year 1",1.6798418972332,63.0830039525692,14.5090909090909,37.5529411764706,74.9295774647887,4.34782608695652,107.482213438735
"PARL 854-4-1",258.5,13.2,23.9,58.1,13.6,854,"O. ficus-indica",1,"Year 1",1.81060606060606,19.5833333333333,4.44922547332186,10.81589958159,19.0073529411765,4.40151515151515,17.5181818181818
"PARL 854-4-7",301.7,13.3,23.1,58.7,15.7,854,"O. ficus-indica",1,"Year 1",1.73684210526316,22.6842105263158,5.1396933560477,13.0606060606061,19.2165605095541,4.41353383458647,18.3909090909091
"PARL 854-1-4",307.6,14.2,24,62.5,13,854,"O. ficus-indica",1,"Year 1",1.69014084507042,21.6619718309859,4.9216,12.8166666666667,23.6615384615385,4.40140845070423,21.4454545454545
"PARL 854-2-2",319.8,13.3,19.5,51.8,22.5,854,"O. ficus-indica",1,"Year 1",1.46616541353383,24.0451127819549,6.17374517374517,16.4,14.2133333333333,3.89473684210526,22.2363636363636
"PARL 854-2-7",323.8,13.4,22.5,53.2,18.4,854,"O. ficus-indica",1,"Year 1",1.67910447761194,24.1641791044776,6.08646616541353,14.3911111111111,17.5978260869565,3.97014925373134,22.6909090909091
"PARL 854-2-4",347.5,15.7,25.5,62.2,14.6,854,"O. ficus-indica",1,"Year 1",1.62420382165605,22.1337579617834,5.58681672025723,13.6274509803922,23.8013698630137,3.96178343949045,24.3636363636364
"PARL 854-4-3",355.9,15.6,20.8,55.4,21.3,854,"O. ficus-indica",1,"Year 1",1.33333333333333,22.8141025641026,6.42418772563177,17.1105769230769,16.7089201877934,3.55128205128205,24.5818181818182
"PARL 854-2-8",365.4,14.5,27.4,65.5,16.6,854,"O. ficus-indica",1,"Year 1",1.88965517241379,25.2,5.57862595419847,13.3357664233577,22.0120481927711,4.51724137931035,24.6181818181818
"PARL 854-2-6",377.9,13.8,25.9,65.7,16.6,854,"O. ficus-indica",1,"Year 1",1.8768115942029,27.3840579710145,5.75190258751903,14.5907335907336,22.7650602409639,4.76086956521739,24.6818181818182
"PARL 854-1-8",398.5,14.5,24.5,62.5,17.32,854,"O. ficus-indica",1,"Year 1",1.68965517241379,27.4827586206897,6.376,16.265306122449,23.0080831408776,4.31034482758621,25.3727272727273
"PARL 854-4-2",407.3,14.3,24.9,59.1,20.9,854,"O. ficus-indica",1,"Year 1",1.74125874125874,28.4825174825175,6.8917089678511,16.3574297188755,19.488038277512,4.13286713286713,26.4818181818182
"PARL 854-4-8",414.8,14.8,22.6,56.9,21.6,854,"O. ficus-indica",1,"Year 1",1.52702702702703,28.027027027027,7.28998242530756,18.353982300885,19.2037037037037,3.84459459459459,26.5
"PARL 854-2-5",428,18.7,30.1,73.2,13.4,854,"O. ficus-indica",1,"Year 1",1.6096256684492,22.8877005347594,5.84699453551913,14.21926910299,31.9402985074627,3.9144385026738,29.7272727272727
"PARL 854-1-3",436.7,16.2,30.6,72.4,21.27,854,"O. ficus-indica",1,"Year 1",1.88888888888889,26.9567901234568,6.0317679558011,14.2712418300654,20.5312646920545,4.46913580246914,30.4727272727273
"PARL 854-1-2",479.6,15.3,24,64,20.47,854,"O. ficus-indica",1,"Year 1",1.56862745098039,31.3464052287582,7.49375,19.9833333333333,23.4294088910601,4.18300653594771,32
"PARL 854-4-4",484.8,16.3,22.7,58.4,22.3,854,"O. ficus-indica",1,"Year 1",1.39263803680982,29.7423312883436,8.3013698630137,21.3568281938326,21.7399103139013,3.58282208588957,32
"PARL 854-2-1",489,16.4,27.1,65.7,19.4,854,"O. ficus-indica",1,"Year 1",1.65243902439024,29.8170731707317,7.44292237442922,18.0442804428044,25.2061855670103,4.00609756097561,33.0090909090909
"PARL 854-1-6",517.5,18,27,69.5,16.27,854,"O. ficus-indica",1,"Year 1",1.5,28.75,7.44604316546763,19.1666666666667,31.8070067609097,3.86111111111111,33.3545454545455
"PARL 854-1-5",564.7,19.3,28.4,71.7,18.34,854,"O. ficus-indica",1,"Year 1",1.47150259067358,29.259067357513,7.87587168758717,19.8838028169014,30.7906215921483,3.71502590673575,34.0636363636364
"PARL 854-1-7",578.7,17.1,25.6,67.7,21.54,854,"O. ficus-indica",1,"Year 1",1.49707602339181,33.8421052631579,8.5480059084195,22.60546875,26.866295264624,3.95906432748538,38.3727272727273
"PARL 854-4-5",580,16.4,28.6,69.4,16.2,854,"O. ficus-indica",1,"Year 1",1.74390243902439,35.3658536585366,8.35734870317003,20.2797202797203,35.8024691358025,4.23170731707317,40.6
"PARL 854-4-6",580.2,18.5,24.4,66.4,19.3,854,"O. ficus-indica",1,"Year 1",1.31891891891892,31.3621621621622,8.73795180722892,23.7786885245902,30.0621761658031,3.58918918918919,44.2181818181818
"PARL 854-1-1",645.5,18.6,28,73.6,23.41,854,"O. ficus-indica",1,"Year 1",1.50537634408602,34.7043010752688,8.77038043478261,23.0535714285714,27.5736864587783,3.95698924731183,46.8363636363636
